{
  "lastUpdated": "2025-09-23",
  "sessionInfo": {
    "currentPhase": "Phase 3: UI/UX改善フェーズ",
    "activeWork": "UniVoice.tsx リファクタリング",
    "completedToday": [
      "透過ウィンドウのフォーカス問題解決",
      "UniVoice.tsx Phase 1-2完了",
      "CSS Modulesクラス名生成バグ修正"
    ]
  },
  "technicalFindings": {
    "transparentWindow": {
      "problem": "Windows環境で完全透明（#00000000）だとクリックイベントが通過",
      "solution": "背景色を#01000000（1%不透明）に設定",
      "result": "グラスモーフィズム効果維持しつつフォーカス切り替え可能"
    },
    "refactoring": {
      "originalLines": 2891,
      "currentLines": 2771,
      "reduction": 120,
      "separatedComponents": [
        "useModalManager.ts",
        "useMemoManager.ts", 
        "QuestionSection.tsx"
      ]
    }
  },
  "currentState": {
    "coreFeatures": {
      "transcription": "stable",
      "realtimeTranslation": "stable",
      "sessionPersistence": "stable",
      "progressiveSummary": "backend-ready",
      "vocabularyExtraction": "backend-ready",
      "finalReport": "backend-ready"
    },
    "uiComponents": {
      "mainWindow": "refactoring-in-progress",
      "summaryWindow": "functional",
      "historyWindow": "functional",
      "setupWindow": "stable"
    }
  },
  "nextSteps": [
    "UniVoice.tsx Phase 3: メモリスト管理の分離",
    "UniVoice.tsx Phase 4: 状態管理のContext化",
    "SessionStorageServiceの統合",
    "プログレッシブ要約UIの修正"
  ],
  "blockers": [],
  "criticalNotes": [
    "透過ウィンドウは1%不透明度が必要",
    "CSS Modulesでbaseが'theme'の場合は特別処理が必要",
    "stale closure問題に注意（useCallback依存関係）"
  ]
}